season,team_id,team,league_id,n_batters,n_pitchers,rs,ra,pct,wins,losses,runs_scored,runs_allowed,age,miss,age_c,q
2016,108,LAA,103,17,15,717.235,721.887,0.497,74,88,717,727,28.623,6.514,-0.044,2
2016,109,AZ,104,17,20,687.206,690.809,0.498,69,93,752,890,26.694,11.611,-1.973,youngest
2016,110,BAL,103,16,16,739.578,719.081,0.513,89,73,744,715,28.488,-5.862,-0.179,2
2016,111,BOS,103,14,18,750.036,684.523,0.543,93,69,878,694,28.862,-5.099,0.195,3
2016,112,CHC,104,15,19,729.241,648.118,0.554,103,58,808,556,27.581,-13.758,-1.087,youngest
2016,113,CIN,104,16,15,678.259,755.180,0.450,68,94,716,854,28.037,4.900,-0.630,2
2016,114,CLE,103,16,17,718.808,675.918,0.528,94,67,777,676,29.591,-8.912,0.924,oldest
2016,115,COL,104,15,19,709.960,743.130,0.479,75,87,845,860,28.828,2.533,0.161,3
2016,116,DET,103,16,20,726.238,738.950,0.492,86,75,750,721,29.007,-6.820,0.340,3
2016,117,HOU,103,15,16,747.024,666.956,0.553,84,78,724,701,27.211,5.521,-1.456,youngest
2016,118,KC,103,15,14,706.185,724.568,0.488,81,81,675,712,29.166,-1.944,0.499,3
2016,119,LAD,104,17,20,709.687,661.036,0.533,91,71,725,638,29.451,-4.703,0.784,oldest
2016,120,WSH,104,17,20,676.227,639.277,0.526,95,67,763,612,28.540,-9.853,-0.127,2
2016,121,NYM,104,14,16,699.800,633.529,0.545,87,75,671,617,28.798,1.355,0.131,3
2016,133,OAK,103,19,15,699.207,680.951,0.512,69,93,653,761,29.122,13.976,0.454,3
2016,134,PIT,104,16,13,674.613,678.866,0.497,78,83,729,758,29.388,2.033,0.721,oldest
2016,135,SD,104,16,14,609.418,696.965,0.439,68,94,686,770,28.188,3.150,-0.479,2
2016,136,SEA,103,18,21,706.350,727.006,0.486,86,76,768,707,29.684,-7.187,1.017,oldest
2016,137,SF,104,15,14,714.661,686.096,0.519,87,75,715,631,28.387,-2.938,-0.280,2
2016,138,STL,104,16,17,678.616,660.372,0.512,86,76,779,712,29.334,-2.975,0.667,oldest
2016,139,TB,103,18,16,729.962,684.842,0.530,68,94,672,713,27.600,17.811,-1.067,youngest
2016,140,TEX,103,16,17,735.702,723.073,0.508,95,67,765,757,29.466,-12.688,0.798,oldest
2016,141,TOR,103,16,17,788.159,718.071,0.544,89,73,759,666,29.833,-0.872,1.166,oldest
2016,142,MIN,103,16,16,695.130,723.383,0.481,59,103,722,889,27.030,18.987,-1.638,youngest
2016,143,PHI,104,15,20,638.589,742.903,0.430,71,91,610,796,28.096,-1.259,-0.572,2
2016,144,ATL,104,14,20,639.201,758.310,0.421,68,93,649,779,30.127,-0.155,1.460,oldest
2016,145,CWS,103,16,17,690.029,683.447,0.504,78,84,686,715,28.506,3.713,-0.161,2
2016,146,MIA,104,14,22,658.583,724.279,0.456,79,82,655,682,28.502,-5.568,-0.165,2
2016,147,NYY,103,18,17,728.788,714.603,0.509,84,78,680,702,30.111,-1.510,1.444,oldest
2016,158,MIL,104,14,22,649.848,726.213,0.449,73,89,671,733,27.766,-0.278,-0.901,youngest
2017,108,LAA,103,16,21,743.244,768.143,0.484,80,82,710,709,29.451,-1.527,0.746,oldest
2017,109,AZ,104,16,19,711.048,776.674,0.458,93,69,812,659,27.439,-18.739,-1.266,youngest
2017,110,BAL,103,15,21,769.400,761.951,0.505,75,87,743,841,29.493,6.745,0.788,oldest
2017,111,BOS,103,17,19,810.243,712.261,0.561,93,69,785,668,27.974,-2.118,-0.731,youngest
2017,112,CHC,104,14,20,782.813,698.426,0.554,92,70,822,695,27.312,-2.317,-1.393,youngest
2017,113,CIN,104,13,15,724.606,799.696,0.453,68,94,753,869,27.308,5.418,-1.397,youngest
2017,114,CLE,103,16,22,799.852,709.925,0.556,102,60,818,564,28.605,-11.879,-0.100,2
2017,115,COL,104,18,16,774.384,745.716,0.518,87,75,824,757,27.853,-3.100,-0.852,youngest
2017,116,DET,103,15,17,778.785,754.018,0.515,64,98,735,894,29.880,19.495,1.176,oldest
2017,117,HOU,103,18,18,782.265,701.590,0.551,101,61,896,700,28.492,-11.706,-0.212,2
2017,118,KC,103,18,15,718.022,772.191,0.466,80,82,702,791,28.339,-4.557,-0.365,2
2017,119,LAD,104,18,20,751.749,665.694,0.556,104,58,770,580,29.266,-13.863,0.561,3
2017,120,WSH,104,16,16,751.382,675.383,0.550,97,65,819,672,29.542,-7.965,0.837,oldest
2017,121,NYM,104,19,15,712.516,644.458,0.546,70,92,735,863,29.619,18.468,0.914,oldest
2017,133,OAK,103,18,17,727.148,746.344,0.488,75,87,739,826,29.356,4.007,0.651,3
2017,134,PIT,104,15,16,715.329,728.183,0.492,75,87,668,731,28.933,4.655,0.228,3
2017,135,SD,104,15,19,673.864,787.008,0.428,71,91,604,816,26.664,-1.729,-2.041,youngest
2017,136,SEA,103,16,20,756.313,768.882,0.492,78,84,750,772,30.264,1.736,1.559,oldest
2017,137,SF,104,16,17,728.271,714.066,0.509,64,98,639,776,29.805,18.490,1.100,oldest
2017,138,STL,104,15,20,760.375,704.305,0.536,83,79,761,705,28.776,3.832,0.071,3
2017,139,TB,103,16,17,719.259,738.803,0.487,80,82,694,704,28.462,-1.041,-0.243,2
2017,140,TEX,103,16,23,767.279,756.338,0.507,78,84,799,816,29.188,4.102,0.483,3
2017,141,TOR,103,16,16,779.877,730.775,0.531,76,86,693,784,30.944,9.990,2.240,oldest
2017,142,MIN,103,15,18,737.227,785.556,0.470,85,77,815,788,27.356,-8.892,-1.348,youngest
2017,143,PHI,104,13,15,702.333,759.174,0.464,66,96,690,782,27.698,9.087,-1.007,youngest
2017,144,ATL,104,16,20,694.239,785.602,0.442,72,90,732,821,30.236,-0.412,1.532,oldest
2017,145,CWS,103,14,19,740.030,772.405,0.480,67,95,706,820,27.794,10.711,-0.911,youngest
2017,146,MIA,104,16,20,701.263,768.890,0.457,77,85,778,822,29.141,-2.998,0.436,3
2017,147,NYY,103,17,16,730.030,746.660,0.489,91,71,858,660,28.942,-11.717,0.238,3
2017,158,MIL,104,14,20,721.085,785.118,0.460,86,76,732,697,27.010,-11.512,-1.694,youngest
2018,108,LAA,103,16,18,776.330,795.984,0.488,80,82,721,722,30.956,-0.944,2.414,oldest
2018,109,AZ,104,20,18,738.313,759.732,0.486,82,80,693,644,28.730,-3.187,0.188,3
2018,110,BAL,103,17,16,798.026,794.839,0.502,47,115,622,892,28.875,34.308,0.333,3
2018,111,BOS,103,17,18,836.454,726.785,0.567,108,54,876,647,27.985,-16.162,-0.557,2
2018,112,CHC,104,13,22,832.396,747.293,0.552,95,68,761,645,26.760,-5.073,-1.782,youngest
2018,113,CIN,104,14,21,738.432,826.682,0.446,67,95,696,819,28.040,5.268,-0.502,2
2018,114,CLE,103,18,17,806.925,702.149,0.566,91,71,818,648,28.847,0.627,0.305,3
2018,115,COL,104,16,17,814.784,766.722,0.529,91,72,780,745,28.450,-4.740,-0.092,2
2018,116,DET,103,12,17,736.895,827.683,0.445,64,98,630,796,29.269,8.009,0.727,oldest
2018,117,HOU,103,15,20,855.941,708.353,0.590,103,59,797,534,27.581,-7.469,-0.961,youngest
2018,118,KC,103,16,15,707.126,795.251,0.445,58,104,638,833,29.492,14.025,0.950,oldest
2018,119,LAD,104,17,21,803.632,718.223,0.553,92,71,804,610,28.251,-1.828,-0.291,2
2018,120,WSH,104,19,18,781.272,724.206,0.536,82,80,771,682,28.521,4.816,-0.021,3
2018,121,NYM,104,19,18,740.718,763.110,0.486,77,85,676,707,29.139,1.716,0.597,3
2018,133,OAK,103,17,19,780.289,795.078,0.491,97,65,813,674,28.528,-17.458,-0.014,3
2018,134,PIT,104,17,15,715.095,766.592,0.467,82,79,692,693,28.401,-6.781,-0.141,2
2018,135,SD,104,19,15,694.383,800.970,0.433,66,96,617,767,27.308,4.114,-1.234,youngest
2018,136,SEA,103,17,22,771.677,789.491,0.489,89,73,677,711,30.080,-9.766,1.538,oldest
2018,137,SF,104,17,18,726.413,767.702,0.474,73,89,603,699,30.291,3.772,1.748,oldest
2018,138,STL,104,14,17,802.647,739.071,0.539,88,74,759,691,28.809,-0.633,0.267,3
2018,139,TB,103,14,16,721.203,744.320,0.485,90,72,716,646,28.501,-11.398,-0.041,2
2018,140,TEX,103,13,19,803.347,798.055,0.503,67,95,737,848,28.162,14.518,-0.380,2
2018,141,TOR,103,19,16,803.166,766.857,0.522,73,89,709,832,30.109,11.596,1.567,oldest
2018,142,MIN,103,14,22,789.566,802.840,0.492,78,84,738,775,28.292,1.704,-0.250,2
2018,143,PHI,104,12,21,788.695,779.514,0.506,80,82,677,728,26.749,1.907,-1.793,youngest
2018,144,ATL,104,16,22,720.517,781.797,0.461,90,72,759,657,28.855,-15.253,0.313,3
2018,145,CWS,103,15,17,746.139,842.991,0.442,62,100,656,848,27.071,9.523,-1.471,youngest
2018,146,MIA,104,16,18,707.494,817.858,0.431,63,98,589,809,27.926,6.472,-0.616,2
2018,147,NYY,103,17,17,836.142,729.607,0.565,100,62,851,669,27.797,-8.470,-0.745,youngest
2018,158,MIL,104,17,19,768.096,762.355,0.504,96,67,754,659,28.488,-13.913,-0.054,2
2019,108,LAA,103,14,23,777.142,775.491,0.501,72,90,769,868,30.221,9.162,1.844,oldest
2019,109,AZ,104,17,17,654.254,734.584,0.447,85,77,813,743,29.303,-12.651,0.926,oldest
2019,110,BAL,103,16,19,703.757,825.806,0.424,54,108,729,981,27.279,14.753,-1.098,youngest
2019,111,BOS,103,17,16,807.870,705.242,0.564,84,78,901,828,28.526,7.384,0.149,3
2019,112,CHC,104,14,25,768.975,742.074,0.517,84,78,814,717,27.966,-0.262,-0.411,2
2019,113,CIN,104,14,23,766.393,774.159,0.495,75,87,701,711,28.483,5.222,0.106,3
2019,114,CLE,103,14,20,765.663,689.103,0.549,93,69,769,657,27.802,-4.013,-0.575,2
2019,115,COL,104,15,18,773.757,735.664,0.524,71,91,835,958,28.876,13.872,0.499,3
2019,116,DET,103,16,19,704.453,796.913,0.442,47,114,582,915,27.777,24.146,-0.600,2
2019,117,HOU,103,17,19,814.206,668.507,0.592,107,55,920,640,28.674,-11.096,0.297,3
2019,118,KC,103,16,19,692.734,781.323,0.444,59,103,691,869,28.035,12.847,-0.342,2
2019,119,LAD,104,14,21,787.835,681.187,0.568,106,56,886,613,28.993,-13.984,0.616,3
2019,120,WSH,104,18,21,735.171,717.582,0.511,93,69,873,724,28.654,-10.153,0.277,3
2019,121,NYM,104,16,21,724.570,710.357,0.509,86,76,791,737,28.996,-3.493,0.619,3
2019,133,OAK,103,16,19,781.696,771.885,0.506,97,65,845,680,27.993,-15.028,-0.384,2
2019,134,PIT,104,16,19,714.507,730.374,0.490,69,93,758,911,28.006,10.331,-0.371,2
2019,135,SD,104,16,20,700.235,751.219,0.467,70,92,682,789,27.062,5.670,-1.315,youngest
2019,136,SEA,103,13,15,754.910,750.847,0.503,68,94,758,893,30.088,13.421,1.711,oldest
2019,137,SF,104,15,20,661.761,742.880,0.447,77,85,678,773,28.860,-4.667,0.483,3
2019,138,STL,104,16,20,779.509,713.001,0.542,91,71,764,662,28.751,-3.180,0.374,3
2019,139,TB,103,17,19,769.841,724.378,0.529,96,66,769,656,26.975,-10.334,-1.402,youngest
2019,140,TEX,103,15,17,741.328,772.294,0.481,78,84,810,878,27.703,-0.143,-0.674,youngest
2019,141,TOR,103,18,15,735.949,761.072,0.484,67,95,726,828,27.723,11.424,-0.654,2
2019,142,MIN,103,17,19,769.329,769.505,0.500,101,61,939,754,28.185,-20.016,-0.192,2
2019,143,PHI,104,15,22,752.450,699.800,0.534,81,81,774,794,27.284,5.508,-1.093,youngest
2019,144,ATL,104,13,23,760.648,727.661,0.521,97,65,855,743,28.669,-12.614,0.292,3
2019,145,CWS,103,14,18,699.788,815.220,0.428,72,89,708,832,28.450,-3.092,0.073,3
2019,146,MIA,104,14,16,629.727,798.519,0.391,57,105,615,808,27.879,6.326,-0.498,2
2019,147,NYY,103,17,19,821.834,677.446,0.591,103,59,943,739,28.303,-7.339,-0.073,2
2019,158,MIL,104,16,20,729.581,735.780,0.496,89,73,769,766,29.792,-8.648,1.415,oldest
2021,108,LAA,103,19,20,768.270,801.865,0.479,77,85,723,804,29.879,0.679,1.511,oldest
2021,109,AZ,104,16,20,725.152,789.407,0.460,52,110,679,893,29.615,22.488,1.247,oldest
2021,110,BAL,103,16,16,731.215,808.354,0.452,52,110,659,956,27.297,21.273,-1.070,youngest
2021,111,BOS,103,14,16,825.741,757.042,0.542,92,70,829,749,27.712,-4.245,-0.656,2
2021,112,CHC,104,14,21,743.907,786.296,0.474,71,91,705,839,29.370,5.723,1.002,oldest
2021,113,CIN,104,18,18,735.738,760.251,0.484,83,79,786,760,28.935,-4.511,0.568,3
2021,114,CLE,103,18,14,758.774,708.949,0.532,80,82,717,727,26.892,6.168,-1.475,youngest
2021,115,COL,104,13,20,723.253,816.013,0.443,74,87,739,796,28.126,-2.725,-0.241,2
2021,116,DET,103,16,18,727.591,824.476,0.441,77,85,697,756,28.174,-5.639,-0.194,2
2021,117,HOU,103,15,21,817.987,738.531,0.549,95,67,863,658,29.296,-6.111,0.928,oldest
2021,118,KC,103,16,17,760.257,787.160,0.483,74,88,686,788,28.898,4.311,0.531,3
2021,119,LAD,104,15,20,835.130,703.814,0.581,106,56,830,561,28.248,-11.894,-0.119,2
2021,120,WSH,104,17,19,746.268,746.482,0.500,65,97,724,820,28.506,15.984,0.139,3
2021,121,NYM,104,14,23,789.545,735.551,0.534,77,85,636,668,28.411,9.459,0.043,3
2021,133,OAK,103,15,19,792.996,759.747,0.520,86,76,743,687,29.355,-1.679,0.987,oldest
2021,134,PIT,104,14,24,687.370,823.479,0.415,61,101,609,833,27.309,6.246,-1.058,youngest
2021,135,SD,104,14,23,791.156,708.540,0.552,79,83,729,708,27.508,10.424,-0.859,youngest
2021,136,SEA,103,15,22,741.987,786.746,0.472,90,72,697,748,27.238,-13.520,-1.129,youngest
2021,137,SF,104,18,19,727.760,785.232,0.464,107,55,804,594,30.368,-31.832,2.000,oldest
2021,138,STL,104,16,22,741.672,764.789,0.485,90,72,706,672,28.308,-11.349,-0.060,2
2021,139,TB,103,14,24,775.638,751.738,0.515,100,62,857,651,27.740,-16.586,-0.628,2
2021,140,TEX,103,17,19,767.553,789.085,0.487,60,102,625,815,26.712,18.862,-1.655,youngest
2021,141,TOR,103,14,22,820.320,784.023,0.522,91,71,846,663,26.971,-6.468,-1.396,youngest
2021,142,MIN,103,15,17,833.722,732.839,0.561,73,89,729,834,29.025,17.963,0.658,3
2021,143,PHI,104,16,20,763.544,755.556,0.505,82,80,734,745,28.825,-0.190,0.457,3
2021,144,ATL,104,14,23,771.556,755.178,0.510,88,73,790,656,28.029,-5.858,-0.338,2
2021,145,CWS,103,17,19,781.915,759.979,0.514,93,69,796,636,28.178,-9.797,-0.190,2
2021,146,MIA,104,17,18,692.058,767.383,0.452,67,95,623,701,28.572,6.159,0.205,3
2021,147,NYY,103,18,19,833.448,718.570,0.570,92,70,711,669,29.123,0.405,0.756,oldest
2021,158,MIL,104,20,17,721.646,726.094,0.497,95,67,738,623,28.406,-14.470,0.038,3
2022,108,LAA,103,17,25,760.632,768.089,0.495,73,89,623,668,28.668,7.255,-0.076,2
2022,109,AZ,104,16,21,759.386,824.386,0.461,74,88,702,740,27.600,0.617,-1.145,youngest
2022,110,BAL,103,16,16,754.467,876.624,0.428,83,79,674,688,27.721,-13.713,-1.024,youngest
2022,111,BOS,103,15,20,806.145,760.923,0.528,78,84,735,787,28.788,7.487,0.043,3
2022,112,CHC,104,16,21,754.525,800.889,0.471,74,88,657,731,29.260,2.383,0.515,3
2022,113,CIN,104,18,17,766.015,780.740,0.491,62,100,648,815,29.596,17.526,0.851,oldest
2022,114,CLE,103,13,14,721.548,778.248,0.464,92,70,698,634,26.636,-16.800,-2.109,youngest
2022,115,COL,104,15,21,762.906,819.125,0.466,68,94,698,873,29.242,7.476,0.497,3
2022,116,DET,103,17,20,736.069,794.881,0.464,66,96,557,713,28.877,9.087,0.132,3
2022,117,HOU,103,14,19,824.505,744.228,0.549,106,56,737,518,30.396,-17.062,1.651,oldest
2022,118,KC,103,13,20,739.355,792.894,0.467,65,97,640,810,29.512,10.605,0.767,oldest
2022,119,LAD,104,13,24,866.919,732.021,0.581,111,51,847,513,29.713,-16.894,0.968,oldest
2022,120,WSH,104,15,23,790.956,839.095,0.471,55,107,603,855,29.016,21.367,0.272,3
2022,121,NYM,104,16,22,797.498,738.502,0.537,101,61,772,606,29.969,-14.071,1.224,oldest
2022,133,OAK,103,15,15,665.614,792.654,0.419,60,102,568,770,29.970,7.829,1.225,oldest
2022,134,PIT,104,18,20,714.015,836.217,0.425,62,100,591,817,27.498,6.850,-1.246,youngest
2022,135,SD,104,13,20,797.055,742.900,0.533,89,73,705,660,28.050,-2.573,-0.695,youngest
2022,136,SEA,103,17,19,754.155,773.384,0.488,90,72,690,623,27.413,-10.944,-1.332,youngest
2022,137,SF,104,18,19,781.718,721.258,0.538,81,81,716,697,30.526,6.172,1.781,oldest
2022,138,STL,104,14,21,768.057,792.069,0.485,93,69,772,637,29.839,-14.381,1.094,oldest
2022,139,TB,103,16,24,766.512,733.925,0.521,86,76,666,614,27.280,-1.663,-1.465,youngest
2022,140,TEX,103,16,23,762.102,810.491,0.470,68,94,707,743,28.702,8.221,-0.043,2
2022,141,TOR,103,14,20,848.411,756.922,0.555,92,70,775,679,26.796,-2.106,-1.949,youngest
2022,142,MIN,103,13,19,803.491,781.711,0.513,78,84,696,684,27.093,5.138,-1.652,youngest
2022,143,PHI,104,15,21,813.482,735.635,0.548,87,75,747,685,28.701,1.760,-0.044,2
2022,144,ATL,104,15,23,802.911,733.548,0.543,101,61,789,609,28.998,-13.034,0.253,3
2022,145,CWS,103,17,18,815.130,755.815,0.536,81,81,686,717,28.654,5.864,-0.091,2
2022,146,MIA,104,16,23,766.115,762.754,0.502,69,93,586,676,28.957,12.340,0.212,3
2022,147,NYY,103,16,20,783.404,742.559,0.525,99,63,807,567,29.925,-13.869,1.180,oldest
2022,158,MIL,104,18,20,763.302,723.915,0.525,86,76,725,688,28.949,-0.950,0.204,3
2023,108,LAA,103,20,20,730.763,721.304,0.506,73,89,739,829,28.779,8.988,0.171,3
2023,109,AZ,104,17,14,702.007,749.378,0.469,84,78,746,761,27.631,-7.957,-0.978,youngest
2023,110,BAL,103,14,22,720.425,774.789,0.466,101,61,807,678,27.754,-25.573,-0.854,youngest
2023,111,BOS,103,16,17,731.605,708.633,0.515,78,84,772,776,29.164,5.414,0.556,3
2023,112,CHC,104,15,19,701.032,761.677,0.461,83,79,819,723,28.810,-8.302,0.202,3
2023,113,CIN,104,16,19,696.271,780.104,0.447,82,80,783,821,28.868,-9.651,0.260,3
2023,114,CLE,103,17,16,750.590,711.330,0.525,76,86,662,697,26.765,9.082,-1.843,youngest
2023,115,COL,104,18,21,720.081,771.178,0.468,59,103,721,957,29.355,16.751,0.747,oldest
2023,116,DET,103,17,18,665.628,752.216,0.443,78,84,661,740,27.941,-6.185,-0.667,youngest
2023,117,HOU,103,16,18,790.650,691.692,0.563,90,72,827,698,29.244,1.174,0.635,3
2023,118,KC,103,16,22,714.696,787.602,0.454,56,106,676,859,26.943,17.564,-1.666,youngest
2023,119,LAD,104,15,23,777.283,681.714,0.561,100,62,906,699,31.060,-9.069,2.452,oldest
2023,120,WSH,104,17,19,676.794,834.671,0.402,71,91,700,845,26.961,-5.908,-1.648,youngest
2023,121,NYM,104,17,21,747.808,692.180,0.536,75,87,717,729,30.258,11.848,1.649,oldest
2023,133,OAK,103,18,15,662.831,798.934,0.413,50,112,585,924,28.414,16.922,-0.195,2
2023,134,PIT,104,18,18,700.321,762.482,0.460,76,86,692,790,28.085,-1.464,-0.524,2
2023,135,SD,104,17,21,748.739,713.650,0.522,82,80,752,648,29.621,2.645,1.013,oldest
2023,136,SEA,103,16,18,731.474,715.799,0.510,88,74,758,659,28.903,-5.348,0.295,3
2023,137,SF,104,17,17,725.033,688.864,0.524,79,83,674,719,29.859,5.856,1.250,oldest
2023,138,STL,104,15,19,769.111,728.710,0.525,71,91,719,829,28.085,14.131,-0.524,2
2023,139,TB,103,16,19,703.298,686.379,0.511,99,63,860,665,27.024,-16.169,-1.584,youngest
2023,140,TEX,103,14,21,722.797,745.424,0.485,90,72,881,716,28.537,-11.349,-0.071,2
2023,141,TOR,103,13,20,796.225,693.977,0.565,89,73,746,671,28.552,2.465,-0.056,2
2023,142,MIN,103,18,19,718.050,703.137,0.510,87,75,778,659,28.403,-4.412,-0.205,2
2023,143,PHI,104,19,19,760.353,671.630,0.558,90,72,796,715,28.633,0.347,0.024,3
2023,144,ATL,104,17,21,766.100,661.914,0.568,104,58,947,716,28.345,-12.016,-0.264,2
2023,145,CWS,103,14,22,735.710,719.407,0.510,61,101,641,841,28.111,21.701,-0.498,2
2023,146,MIA,104,17,17,701.013,706.021,0.497,84,78,666,723,29.844,-3.535,1.236,oldest
2023,147,NYY,103,15,20,700.321,667.015,0.522,82,80,673,698,30.243,2.645,1.635,oldest
2023,158,MIL,104,15,21,732.459,717.659,0.510,92,70,728,647,28.058,-9.445,-0.550,2
2024,108,LAA,103,15,24,792.958,791.243,0.501,63,99,635,797,27.924,18.162,-0.383,2
2024,109,AZ,104,16,21,776.409,780.057,0.498,89,73,886,788,28.494,-8.356,0.187,3
2024,110,BAL,103,18,22,764.968,768.617,0.498,91,71,786,699,27.534,-10.373,-0.772,youngest
2024,111,BOS,103,18,18,792.557,773.142,0.512,81,81,751,747,27.803,1.928,-0.503,2
2024,112,CHC,104,16,17,774.313,791.272,0.490,83,79,736,669,28.502,-3.685,0.196,3
2024,113,CIN,104,15,22,818.311,801.486,0.510,77,85,699,694,27.371,5.636,-0.936,youngest
2024,114,CLE,103,15,16,747.501,750.422,0.498,92,69,708,621,26.843,-11.790,-1.464,youngest
2024,115,COL,104,14,19,752.300,845.137,0.444,61,101,682,929,28.658,10.944,0.351,3
2024,116,DET,103,15,19,740.459,774.747,0.478,86,76,682,642,27.943,-8.483,-0.364,2
2024,117,HOU,103,17,20,819.461,776.604,0.526,88,73,740,649,29.110,-3.330,0.804,oldest
2024,118,KC,103,17,22,750.359,802.236,0.468,86,76,735,644,27.822,-10.168,-0.485,2
2024,119,LAD,104,14,23,852.843,741.468,0.567,98,64,842,686,31.077,-6.146,2.770,oldest
2024,120,WSH,104,15,17,731.089,873.383,0.415,71,91,660,764,27.515,-3.770,-0.792,youngest
2024,121,NYM,104,15,24,763.491,795.216,0.480,89,73,768,697,29.324,-11.159,1.018,oldest
2024,133,OAK,103,15,21,713.141,823.035,0.432,69,93,643,764,27.132,1.000,-1.175,youngest
2024,134,PIT,104,21,20,749.576,815.230,0.460,76,86,665,739,28.137,-1.512,-0.169,2
2024,135,SD,104,14,18,775.316,768.498,0.504,93,69,760,669,28.838,-11.320,0.531,3
2024,136,SEA,103,17,21,792.288,738.687,0.533,85,77,676,607,28.473,1.395,0.166,3
2024,137,SF,104,22,16,751.181,717.449,0.522,80,82,693,699,28.316,4.499,0.009,3
2024,138,STL,104,19,17,811.085,775.692,0.521,83,79,672,719,28.629,1.483,0.323,3
2024,139,TB,103,18,20,805.280,731.335,0.546,80,82,604,663,26.869,8.420,-1.438,youngest
2024,140,TEX,103,15,18,792.898,769.983,0.514,78,84,683,738,28.102,5.268,-0.205,2
2024,141,TOR,103,14,18,816.363,748.812,0.541,74,88,671,743,29.283,13.691,0.976,oldest
2024,142,MIN,103,15,21,788.123,763.116,0.515,82,80,742,735,29.251,1.495,0.945,oldest
2024,143,PHI,104,19,20,788.762,751.358,0.523,95,67,784,671,29.216,-10.242,0.910,oldest
2024,144,ATL,104,14,24,880.495,735.230,0.586,89,73,704,607,28.645,5.981,0.338,3
2024,145,CWS,103,15,18,710.216,876.411,0.400,41,121,507,813,28.159,23.832,-0.147,2
2024,146,MIA,104,16,19,743.936,766.029,0.486,62,100,637,841,28.679,16.748,0.373,3
2024,147,NYY,103,17,22,806.525,746.481,0.537,94,68,815,668,27.965,-7.022,-0.342,2
2024,158,MIL,104,16,20,749.450,759.279,0.494,93,69,777,641,27.585,-13.004,-0.722,youngest
2025,108,LAA,103,18,21,728.599,771.346,0.473,72,90,673,837,28.667,4.626,0.350,3
2025,109,AZ,104,18,20,763.994,718.922,0.529,80,82,791,785,27.783,5.649,-0.534,2
2025,110,BAL,103,16,20,750.567,737.628,0.508,75,87,677,788,27.637,7.328,-0.680,youngest
2025,111,BOS,103,16,22,777.407,740.034,0.523,89,73,786,676,28.113,-4.209,-0.205,2
2025,112,CHC,104,13,23,754.860,739.471,0.510,92,70,793,649,29.416,-9.429,1.098,oldest
2025,113,CIN,104,17,20,737.209,759.812,0.486,83,79,716,681,27.573,-4.317,-0.744,youngest
2025,114,CLE,103,16,20,712.241,724.285,0.492,88,74,643,649,28.050,-8.264,-0.267,2
2025,115,COL,104,16,20,700.022,808.828,0.432,43,119,597,1021,27.893,26.968,-0.425,2
2025,116,DET,103,17,23,705.478,707.868,0.498,87,75,758,691,26.891,-6.259,-1.427,youngest
2025,117,HOU,103,18,18,766.859,735.106,0.520,87,75,686,665,29.435,-2.760,1.117,oldest
2025,118,KC,103,17,18,721.447,724.041,0.498,82,80,651,637,27.967,-1.275,-0.351,2
2025,119,LAD,104,15,27,804.457,708.173,0.560,93,69,825,683,31.664,-2.248,3.346,oldest
2025,120,WSH,104,19,18,716.077,769.806,0.466,66,96,687,899,26.783,9.476,-1.535,youngest
2025,121,NYM,104,19,22,769.772,743.567,0.516,83,79,766,715,28.913,0.657,0.595,3
2025,133,ATH,103,17,19,709.061,763.854,0.465,76,86,733,817,27.486,-0.670,-0.832,youngest
2025,134,PIT,104,21,19,695.603,723.412,0.482,71,91,583,645,28.701,7.035,0.384,3
2025,135,SD,104,14,20,758.750,712.805,0.529,90,72,702,621,29.530,-4.237,1.212,oldest
2025,136,SEA,103,17,21,730.637,694.798,0.523,90,72,766,694,29.587,-5.193,1.269,oldest
2025,137,SF,104,20,18,719.068,720.222,0.499,81,81,705,684,28.021,-0.130,-0.296,2
2025,138,STL,104,16,19,745.503,740.035,0.503,78,84,689,754,26.874,3.567,-1.443,youngest
2025,139,TB,103,16,19,707.808,724.075,0.489,77,85,714,683,27.757,2.283,-0.560,2
2025,140,TEX,103,16,22,749.649,740.480,0.506,81,81,684,605,28.818,0.940,0.500,3
2025,141,TOR,103,18,22,742.608,754.581,0.492,94,68,798,721,27.558,-14.231,-0.760,youngest
2025,142,MIN,103,17,17,739.972,708.580,0.520,70,92,678,773,28.367,14.289,0.049,3
2025,143,PHI,104,17,19,762.515,717.805,0.528,96,66,778,648,29.877,-10.383,1.559,oldest
2025,144,ATL,104,15,18,779.098,670.823,0.570,76,86,724,734,28.982,16.291,0.665,oldest
2025,145,CWS,103,16,22,647.429,809.708,0.397,60,102,647,742,28.256,4.233,-0.061,2
2025,146,MIA,104,14,21,695.732,775.111,0.449,79,83,709,798,26.706,-6.213,-1.612,youngest
2025,147,NYY,103,15,21,766.059,719.169,0.530,94,68,849,685,29.050,-8.172,0.732,oldest
2025,158,MIL,104,16,20,742.944,737.079,0.504,97,65,806,634,27.174,-15.401,-1.144,youngest
2026,108,LAA,103,19,22,708.646,800.971,0.442,62,100,655,752,28.559,9.636,0.128,3
2026,109,AZ,104,16,26,751.126,747.715,0.502,86,76,739,730,29.609,-4.644,1.179,oldest
2026,110,BAL,103,15,21,774.540,749.022,0.516,79,82,718,739,27.021,4.060,-1.409,youngest
2026,111,BOS,103,21,16,745.937,683.713,0.541,87,75,689,611,28.195,0.577,-0.235,2
2026,112,CHC,104,16,22,761.038,749.727,0.507,89,73,850,703,28.930,-6.850,0.500,3
2026,113,CIN,104,17,20,731.901,738.818,0.496,75,87,666,826,28.203,5.287,-0.227,2
2026,114,CLE,103,14,17,703.465,737.322,0.478,85,77,678,667,27.778,-7.564,-0.652,2
2026,115,COL,104,18,20,707.414,848.497,0.414,58,104,752,944,26.945,9.036,-1.486,youngest
2026,116,DET,103,15,22,737.765,710.878,0.517,76,86,723,652,27.560,7.819,-0.870,youngest
2026,117,HOU,103,16,22,748.744,771.134,0.486,81,81,734,766,29.191,-2.268,0.760,oldest
2026,118,KC,103,16,22,731.867,727.020,0.503,69,93,690,810,28.640,12.502,0.210,3
2026,119,LAD,104,17,25,813.238,693.025,0.575,100,62,801,600,31.016,-6.801,2.586,oldest
2026,120,WSH,104,16,22,724.265,810.912,0.446,77,85,821,815,24.949,-4.699,-3.481,youngest
2026,121,NYM,104,15,24,768.028,721.975,0.529,74,88,699,731,28.981,11.730,0.551,3
2026,133,ATH,103,16,20,786.052,798.346,0.492,64,98,699,937,27.297,15.785,-1.133,youngest
2026,134,PIT,104,18,17,744.713,677.231,0.544,82,80,767,739,28.733,6.160,0.303,3
2026,135,SD,104,15,22,747.876,792.124,0.473,91,71,722,681,30.275,-14.439,1.845,oldest
2026,136,SEA,103,17,21,774.423,725.698,0.531,76,86,664,722,29.191,9.973,0.761,oldest
2026,137,SF,104,16,25,743.895,725.958,0.511,65,97,669,760,28.231,17.863,-0.200,2
2026,138,STL,104,15,17,708.436,756.085,0.469,77,85,720,749,26.373,-0.957,-2.057,youngest
2026,139,TB,103,18,21,725.005,734.188,0.494,98,64,736,650,27.661,-17.956,-0.769,youngest
2026,140,TEX,103,18,18,741.140,728.249,0.508,80,82,673,719,29.944,2.345,1.514,oldest
2026,141,TOR,103,14,19,750.162,743.021,0.504,79,83,648,694,29.232,2.729,0.802,oldest
2026,142,MIN,103,16,17,735.981,746.632,0.493,77,85,739,797,28.740,2.898,0.310,3
2026,143,PHI,104,12,19,789.007,711.553,0.549,88,74,713,698,31.073,0.906,2.642,oldest
2026,144,ATL,104,16,25,747.206,725.211,0.514,94,68,742,626,29.905,-10.716,1.475,oldest
2026,145,CWS,103,15,19,705.426,787.943,0.448,84,78,776,720,26.763,-11.440,-1.667,youngest
2026,146,MIA,104,16,20,742.777,777.465,0.478,80,82,715,712,26.178,-2.515,-2.253,youngest
2026,147,NYY,103,17,18,782.186,737.279,0.528,93,68,739,601,29.869,-7.976,1.439,oldest
2026,158,MIL,104,17,21,739.136,713.682,0.516,103,59,832,618,27.865,-19.343,-0.565,2
