season,team_id,team,league_id,n_batters,n_pitchers,rs,ra,pct,wins,losses,runs_scored,runs_allowed,g,w_proj,w_pyth_actual,rs_err,ra_err,miss,miss_runs,miss_luck,pa_unproj,ip_unproj,war_unproj,war_nohist
2026,108,LAA,103,19,22,708.646,800.971,0.442,62,100,655,752,162,71.636,70.656,53.646,48.971,9.636,0.981,8.656,0.224,0.366,6.691,4.575
2026,109,AZ,104,16,26,751.126,747.715,0.502,86,76,739,730,162,81.356,81.934,12.126,17.715,-4.644,-0.578,-4.066,0.239,0.198,0.314,1.585
2026,110,BAL,103,15,21,774.540,749.022,0.516,79,82,718,739,161,83.060,78.317,51.759,5.398,4.060,4.743,-0.683,0.182,0.209,1.549,0.615
2026,111,BOS,103,21,16,745.937,683.713,0.541,87,75,689,611,162,87.577,89.811,56.937,72.713,0.577,-2.233,2.811,0.172,0.276,9.665,0.000
2026,112,CHC,104,16,22,761.038,749.727,0.507,89,73,850,703,162,82.150,95.552,-88.962,46.727,-6.850,-13.402,6.552,0.103,0.433,8.999,0.811
2026,113,CIN,104,17,20,731.901,738.818,0.496,75,87,666,826,162,80.287,64.733,65.901,-87.182,5.287,15.554,-10.267,0.101,0.145,-1.663,-0.639
2026,114,CLE,103,14,17,703.465,737.322,0.478,85,77,678,667,162,77.436,82.216,25.465,70.322,-7.564,-4.780,-2.784,0.416,0.181,9.944,8.304
2026,115,COL,104,18,20,707.414,848.497,0.414,58,104,752,944,162,67.036,63.225,-44.586,-95.502,9.036,3.811,5.225,0.240,0.226,5.637,5.078
2026,116,DET,103,15,22,737.765,710.878,0.517,76,86,723,652,162,83.819,88.710,14.765,58.878,7.819,-4.892,12.710,0.317,0.213,8.794,9.689
2026,117,HOU,103,16,22,748.744,771.134,0.486,81,81,734,766,162,78.732,77.728,14.744,5.134,-2.268,1.004,-3.272,0.213,0.287,2.489,-0.194
2026,118,KC,103,16,22,731.867,727.020,0.503,69,93,690,810,162,81.502,68.794,41.867,-82.980,12.502,12.709,-0.206,0.033,0.241,-0.053,0.000
2026,119,LAD,104,17,25,813.238,693.025,0.575,100,62,801,600,162,93.199,102.227,12.238,93.025,-6.801,-9.029,2.227,0.086,0.249,4.893,0.107
2026,120,WSH,104,16,22,724.265,810.912,0.446,77,85,821,815,162,72.301,81.577,-96.735,-4.088,-4.699,-9.276,4.577,0.039,0.372,-0.746,0.376
2026,121,NYM,104,15,24,768.028,721.975,0.529,74,88,699,731,162,85.730,77.615,69.028,-9.025,11.730,8.115,3.615,0.250,0.283,5.238,7.228
2026,133,ATH,103,16,20,786.052,798.346,0.492,64,98,699,937,162,79.785,58.556,87.052,-138.654,15.785,21.229,-5.444,0.285,0.274,5.543,3.557
2026,134,PIT,104,18,17,744.713,677.231,0.544,82,80,767,739,162,88.160,83.855,-22.287,-61.769,6.160,4.305,1.855,0.147,0.227,5.644,2.922
2026,135,SD,104,15,22,747.876,792.124,0.473,91,71,722,681,162,76.561,85.395,25.876,111.124,-14.439,-8.834,-5.605,0.189,0.234,5.325,-0.201
2026,136,SEA,103,17,21,774.423,725.698,0.531,76,86,664,722,162,85.973,74.733,110.423,3.698,9.973,11.241,-1.267,0.200,0.164,0.115,0.345
2026,137,SF,104,16,25,743.895,725.958,0.511,65,97,669,760,162,82.863,71.397,74.895,-34.042,17.863,11.466,6.397,0.303,0.255,0.017,1.461
2026,138,STL,104,15,17,708.436,756.085,0.469,77,85,720,749,162,76.043,77.990,-11.564,7.085,-0.957,-1.948,0.990,0.225,0.161,6.858,6.527
2026,139,TB,103,18,21,725.005,734.188,0.494,98,64,736,650,162,80.044,90.277,-10.995,84.188,-17.956,-10.233,-7.723,0.142,0.240,6.030,0.057
2026,140,TEX,103,18,18,741.140,728.249,0.508,80,82,673,719,162,82.345,76.042,68.140,9.249,2.345,6.303,-3.958,0.163,0.294,0.634,-0.832
2026,141,TOR,103,14,19,750.162,743.021,0.504,79,83,648,694,162,81.729,75.911,102.162,49.021,2.729,5.818,-3.089,0.350,0.549,9.113,8.952
2026,142,MIN,103,16,17,735.981,746.632,0.493,77,85,739,797,162,79.898,75.174,-3.019,-50.368,2.898,4.724,-1.826,0.073,0.423,5.980,3.654
2026,143,PHI,104,12,19,789.007,711.553,0.549,88,74,713,698,162,88.906,82.602,76.007,13.553,0.906,6.303,-5.398,0.245,0.195,6.485,0.702
2026,144,ATL,104,16,25,747.206,725.211,0.514,94,68,742,626,162,83.284,93.598,5.206,99.211,-10.716,-10.313,-0.402,0.104,0.380,4.439,-0.701
2026,145,CWS,103,15,19,705.426,787.943,0.448,84,78,776,720,162,72.560,86.732,-70.574,67.943,-11.440,-14.172,2.732,0.422,0.395,11.784,7.838
2026,146,MIA,104,16,20,742.777,777.465,0.478,80,82,715,712,162,77.485,81.318,27.777,65.465,-2.515,-3.833,1.318,0.122,0.146,0.173,1.378
2026,147,NYY,103,17,18,782.186,737.279,0.528,93,68,739,601,161,85.024,95.603,38.358,131.728,-7.976,-10.579,2.603,0.231,0.105,3.216,0.762
2026,158,MIL,104,17,21,739.136,713.682,0.516,103,59,832,618,162,83.657,103.021,-92.864,95.682,-19.343,-19.364,0.021,0.118,0.329,6.148,3.649
