,proj_ip,proj_runs,act_ip,act_runs,gap
Aaron Ashby,64.006,6.792,89.333,10.115,3.323
Abner Uribe,67.076,6.786,59.333,9.873,3.087
Angel Zerpa,65.611,1.466,12.667,-1.596,-3.062
Brandon Sproat,73.598,4.340,97.000,-11.178,-15.518
Brandon Woodruff,96.620,6.032,45.333,4.977,-1.056
Carlos Rodriguez,32.509,-0.740,9.333,0.116,0.856
Chad Patrick,125.396,7.093,105.667,2.192,-4.902
Craig Yoho,30.695,-1.032,38.333,-2.025,-0.993
DL Hall,50.891,0.663,59.667,1.913,1.250
Easton McGee,33.834,1.055,11.333,-2.645,-3.700
Grant Anderson,65.402,-2.222,59.000,-0.945,1.278
Jacob Misiorowski,97.317,4.822,169.333,37.916,33.094
Jake Woodford,48.833,-2.713,27.667,-1.025,1.688
Jared Koenig,67.180,3.971,7.000,-1.718,-5.690
Kyle Harrison,94.457,0.139,115.667,1.168,1.030
Logan Henderson,76.040,4.545,98.333,9.315,4.769
Quinn Priester,150.301,-0.823,0.000,0.000,0.823
Rob Zastryzny,38.474,-0.379,0.000,0.000,0.379
Robert Gasser,68.680,0.139,109.333,-0.703,-0.843
Sammy Peralta,33.311,0.137,21.333,-1.782,-1.920
Trevor Megill,55.600,5.928,61.667,15.930,10.002
