,proj_pa,proj_runs,act_pa,act_runs,gap
Akil Baddoo,195.133,-3.009,0.000,0.000,3.009
Andrew Vaughn,436.084,0.008,331.000,13.785,13.777
Blake Perkins,295.484,-3.801,101.000,-6.543,-2.742
Brandon Lockridge,247.240,-4.702,113.000,-1.316,3.387
Brice Turang,531.314,2.100,676.000,21.972,19.872
Christian Yelich,497.265,12.255,496.000,-3.894,-16.149
David Hamilton,295.304,-4.274,384.000,-7.535,-3.261
Garrett Mitchell,234.842,1.986,527.000,9.906,7.921
Gary Sánchez,250.205,-0.518,271.000,5.650,6.168
Jackson Chourio,495.737,12.185,569.000,19.191,7.006
Jake Bauers,308.690,-1.227,574.000,30.874,32.101
Joey Ortiz,452.884,-6.243,415.000,1.548,7.790
Luis Rengifo,450.009,-2.628,354.000,-7.870,-5.242
Sal Frelick,493.581,3.001,381.000,-11.929,-14.930
Steward Berroa,186.418,-0.885,7.000,-1.063,-0.178
Tyler Black,190.641,0.884,28.000,1.075,0.191
William Contreras,536.704,13.538,640.000,6.734,-6.804
