season,team_id,team,league_id,rs,ra,pct,model_wins,stretched_wins,k
2026,119,LAD,104,813.2383,693.0252,0.5753,93.1986,96.2927,1.2536
2026,143,PHI,104,789.0066,711.5534,0.5488,88.9056,90.9108,1.2536
2026,134,PIT,104,744.7132,677.2309,0.5442,88.1604,89.9766,1.2536
2026,111,BOS,103,745.9372,683.7128,0.5406,87.5772,89.2454,1.2536
2026,136,SEA,103,774.4235,725.6976,0.5307,85.9734,87.2349,1.2536
2026,121,NYM,104,768.0280,721.9754,0.5292,85.7304,86.9302,1.2536
2026,147,NYY,103,782.1862,737.2791,0.5281,85.5522,86.7068,1.2536
2026,116,DET,103,737.7654,710.8777,0.5174,83.8188,84.5338,1.2536
2026,158,MIL,104,739.1363,713.6818,0.5164,83.6568,84.3307,1.2536
2026,110,BAL,103,774.5398,749.0218,0.5159,83.5758,84.2291,1.2536
2026,144,ATL,104,747.2059,725.2113,0.5141,83.2842,83.8636,1.2536
2026,137,SF,104,743.8947,725.9583,0.5115,82.8630,83.3355,1.2536
2026,140,TEX,103,741.1401,728.2494,0.5083,82.3446,82.6856,1.2536
2026,112,CHC,104,761.0377,749.7267,0.5071,82.1502,82.4419,1.2536
2026,141,TOR,103,750.1621,743.0206,0.5045,81.7290,81.9139,1.2536
2026,118,KC,103,731.8668,727.0202,0.5031,81.5022,81.6296,1.2536
2026,109,AZ,104,751.1262,747.7147,0.5022,81.3564,81.4468,1.2536
2026,113,CIN,104,731.9009,738.8183,0.4956,80.2872,80.1064,1.2536
2026,139,TB,103,725.0046,734.1882,0.4941,80.0442,79.8018,1.2536
2026,142,MIN,103,735.9805,746.6321,0.4932,79.8984,79.6190,1.2536
2026,133,ATH,103,786.0522,798.3456,0.4925,79.7850,79.4768,1.2536
2026,117,HOU,103,748.7441,771.1341,0.4860,78.7320,78.1567,1.2536
2026,146,MIA,104,742.7769,777.4650,0.4783,77.4846,76.5930,1.2536
2026,114,CLE,103,703.4653,737.3216,0.4780,77.4360,76.5320,1.2536
2026,135,SD,104,747.8761,792.1244,0.4726,76.5612,75.4353,1.2536
2026,138,STL,104,708.4359,756.0850,0.4694,76.0428,74.7855,1.2536
2026,145,CWS,103,705.4257,787.9434,0.4479,72.5598,70.4190,1.2536
2026,120,WSH,104,724.2650,810.9123,0.4463,72.3006,70.0941,1.2536
2026,108,LAA,103,708.6465,800.9707,0.4422,71.6364,69.2614,1.2536
2026,115,COL,104,707.4136,848.4975,0.4138,67.0356,63.4937,1.2536
