season,team_id,team,league_id,n_batters,n_pitchers,rs,ra,pct
2016,108,LAA,103,17,15,717.2349,721.8869,0.4970
2016,109,AZ,104,17,20,687.2055,690.8094,0.4976
2016,110,BAL,103,16,16,739.5782,719.0808,0.5132
2016,111,BOS,103,14,18,750.0358,684.5226,0.5426
2016,112,CHC,104,15,19,729.2409,648.1184,0.5543
2016,113,CIN,104,16,15,678.2585,755.1804,0.4500
2016,114,CLE,103,16,17,718.8084,675.9184,0.5285
2016,115,COL,104,15,19,709.9597,743.1301,0.4786
2016,116,DET,103,16,20,726.2382,738.9497,0.4918
2016,117,HOU,103,15,16,747.0245,666.9557,0.5526
2016,118,KC,103,15,14,706.1849,724.5677,0.4880
2016,119,LAD,104,17,20,709.6871,661.0363,0.5327
2016,120,WSH,104,17,20,676.2269,639.2772,0.5256
2016,121,NYM,104,14,16,699.7997,633.5294,0.5454
2016,133,OAK,103,19,15,699.2075,680.9507,0.5122
2016,134,PIT,104,16,13,674.6130,678.8656,0.4971
2016,135,SD,104,16,14,609.4175,696.9645,0.4392
2016,136,SEA,103,18,21,706.3503,727.0064,0.4865
2016,137,SF,104,15,14,714.6609,686.0959,0.5189
2016,138,STL,104,16,17,678.6162,660.3721,0.5125
2016,139,TB,103,18,16,729.9623,684.8425,0.5297
2016,140,TEX,103,16,17,735.7019,723.0732,0.5081
2016,141,TOR,103,16,17,788.1586,718.0709,0.5440
2016,142,MIN,103,16,16,695.1305,723.3826,0.4814
2016,143,PHI,104,15,20,638.5892,742.9026,0.4305
2016,144,ATL,104,14,20,639.2011,758.3097,0.4214
2016,145,CWS,103,16,17,690.0295,683.4473,0.5044
2016,146,MIA,104,14,22,658.5835,724.2788,0.4561
2016,147,NYY,103,18,17,728.7884,714.6027,0.5092
2016,158,MIL,104,14,22,649.8483,726.2133,0.4489
2017,108,LAA,103,16,21,743.2444,768.1433,0.4844
2017,109,AZ,104,16,19,711.0482,776.6736,0.4584
2017,110,BAL,103,15,21,769.4002,761.9505,0.5046
2017,111,BOS,103,17,19,810.2430,712.2607,0.5610
2017,112,CHC,104,14,20,782.8126,698.4256,0.5536
2017,113,CIN,104,13,15,724.6055,799.6960,0.4532
2017,114,CLE,103,16,22,799.8521,709.9247,0.5563
2017,115,COL,104,18,16,774.3836,745.7162,0.5179
2017,116,DET,103,15,17,778.7849,754.0176,0.5154
2017,117,HOU,103,18,18,782.2647,701.5899,0.5512
2017,118,KC,103,18,15,718.0220,772.1910,0.4657
2017,119,LAD,104,18,20,751.7486,665.6944,0.5564
2017,120,WSH,104,16,16,751.3820,675.3829,0.5496
2017,121,NYM,104,19,15,712.5161,644.4582,0.5461
2017,133,OAK,103,18,17,727.1484,746.3439,0.4877
2017,134,PIT,104,15,16,715.3288,728.1834,0.4917
2017,135,SD,104,15,19,673.8643,787.0075,0.4276
2017,136,SEA,103,16,20,756.3132,768.8818,0.4922
2017,137,SF,104,16,17,728.2714,714.0657,0.5092
2017,138,STL,104,15,20,760.3747,704.3053,0.5360
2017,139,TB,103,16,17,719.2585,738.8029,0.4874
2017,140,TEX,103,16,23,767.2794,756.3385,0.5068
2017,141,TOR,103,16,16,779.8770,730.7747,0.5308
2017,142,MIN,103,15,18,737.2275,785.5557,0.4698
2017,143,PHI,104,13,15,702.3335,759.1742,0.4635
2017,144,ATL,104,16,20,694.2391,785.6022,0.4419
2017,145,CWS,103,14,19,740.0302,772.4048,0.4797
2017,146,MIA,104,16,20,701.2633,768.8897,0.4568
2017,147,NYY,103,17,16,730.0300,746.6597,0.4894
2017,158,MIL,104,14,20,721.0850,785.1176,0.4598
2018,108,LAA,103,16,18,776.3299,795.9843,0.4880
2018,109,AZ,104,20,18,738.3134,759.7316,0.4865
2018,110,BAL,103,17,16,798.0257,794.8389,0.5019
2018,111,BOS,103,17,18,836.4536,726.7855,0.5669
2018,112,CHC,104,13,22,832.3958,747.2927,0.5517
2018,113,CIN,104,14,21,738.4319,826.6824,0.4461
2018,114,CLE,103,18,17,806.9254,702.1491,0.5656
2018,115,COL,104,16,17,814.7845,766.7221,0.5292
2018,116,DET,103,12,17,736.8947,827.6833,0.4445
2018,117,HOU,103,15,20,855.9413,708.3528,0.5897
2018,118,KC,103,16,15,707.1258,795.2515,0.4446
2018,119,LAD,104,17,21,803.6319,718.2233,0.5532
2018,120,WSH,104,19,18,781.2718,724.2060,0.5359
2018,121,NYM,104,19,18,740.7181,763.1097,0.4859
2018,133,OAK,103,17,19,780.2891,795.0783,0.4910
2018,134,PIT,104,17,15,715.0952,766.5924,0.4672
2018,135,SD,104,19,15,694.3826,800.9702,0.4328
2018,136,SEA,103,17,22,771.6768,789.4910,0.4891
2018,137,SF,104,17,18,726.4135,767.7020,0.4739
2018,138,STL,104,14,17,802.6466,739.0711,0.5393
2018,139,TB,103,14,16,721.2028,744.3198,0.4852
2018,140,TEX,103,13,19,803.3466,798.0546,0.5032
2018,141,TOR,103,19,16,803.1659,766.8567,0.5222
2018,142,MIN,103,14,22,789.5659,802.8401,0.4920
2018,143,PHI,104,12,21,788.6952,779.5141,0.5056
2018,144,ATL,104,16,22,720.5168,781.7973,0.4614
2018,145,CWS,103,15,17,746.1389,842.9907,0.4415
2018,146,MIA,104,16,18,707.4941,817.8584,0.4315
2018,147,NYY,103,17,17,836.1423,729.6069,0.5650
2018,158,MIL,104,17,19,768.0961,762.3551,0.5036
2019,108,LAA,103,14,23,777.1420,775.4912,0.5010
2019,109,AZ,104,17,17,654.2536,734.5837,0.4466
2019,110,BAL,103,16,19,703.7566,825.8062,0.4244
2019,111,BOS,103,17,16,807.8699,705.2423,0.5641
2019,112,CHC,104,14,25,768.9751,742.0740,0.5169
2019,113,CIN,104,14,23,766.3933,774.1589,0.4952
2019,114,CLE,103,14,20,765.6635,689.1027,0.5493
2019,115,COL,104,15,18,773.7568,735.6639,0.5239
2019,116,DET,103,16,19,704.4531,796.9133,0.4419
2019,117,HOU,103,17,19,814.2058,668.5070,0.5920
2019,118,KC,103,16,19,692.7340,781.3233,0.4435
2019,119,LAD,104,14,21,787.8350,681.1867,0.5680
2019,120,WSH,104,18,21,735.1712,717.5821,0.5114
2019,121,NYM,104,16,21,724.5697,710.3573,0.5093
2019,133,OAK,103,16,19,781.6960,771.8855,0.5060
2019,134,PIT,104,16,19,714.5072,730.3740,0.4897
2019,135,SD,104,16,20,700.2345,751.2187,0.4671
2019,136,SEA,103,13,15,754.9101,750.8475,0.5026
2019,137,SF,104,15,20,661.7613,742.8799,0.4465
2019,138,STL,104,16,20,779.5086,713.0007,0.5421
2019,139,TB,103,17,19,769.8412,724.3776,0.5288
2019,140,TEX,103,15,17,741.3279,772.2938,0.4806
2019,141,TOR,103,18,15,735.9495,761.0716,0.4841
2019,142,MIN,103,17,19,769.3294,769.5047,0.4999
2019,143,PHI,104,15,22,752.4498,699.8003,0.5340
2019,144,ATL,104,13,23,760.6484,727.6612,0.5209
2019,145,CWS,103,14,18,699.7883,815.2203,0.4280
2019,146,MIA,104,14,16,629.7267,798.5187,0.3909
2019,147,NYY,103,17,19,821.8343,677.4462,0.5905
2019,158,MIL,104,16,20,729.5805,735.7801,0.4960
2020,108,LAA,103,17,24,856.5302,890.5357,0.4807
2020,109,AZ,104,15,18,820.6734,838.1229,0.4897
2020,110,BAL,103,17,20,739.7160,907.9496,0.4016
2020,111,BOS,103,15,21,849.2834,820.5460,0.5168
2020,112,CHC,104,15,20,860.8095,835.1857,0.5148
2020,113,CIN,104,15,19,860.3142,826.8350,0.5194
2020,114,CLE,103,19,16,819.1954,790.8067,0.5170
2020,115,COL,104,18,16,845.1637,878.9595,0.4807
2020,116,DET,103,18,15,730.9442,870.6279,0.4164
2020,117,HOU,103,16,16,911.3024,767.7207,0.5831
2020,118,KC,103,17,20,775.4266,886.1447,0.4353
2020,119,LAD,104,15,20,947.3339,758.1502,0.6077
2020,120,WSH,104,19,19,847.7206,777.3855,0.5419
2020,121,NYM,104,16,22,863.8783,797.4775,0.5389
2020,133,OAK,103,16,16,859.0787,818.2429,0.5238
2020,134,PIT,104,18,20,765.1148,846.2435,0.4514
2020,135,SD,104,13,22,834.9127,802.3494,0.5193
2020,136,SEA,103,18,21,777.1451,878.5802,0.4405
2020,137,SF,104,18,21,770.3677,892.0542,0.4290
2020,138,STL,104,17,16,827.7005,804.3729,0.5139
2020,139,TB,103,18,17,823.5552,763.7372,0.5362
2020,140,TEX,103,16,20,785.6849,842.4498,0.4662
2020,141,TOR,103,16,20,803.6019,853.2855,0.4708
2020,142,MIN,103,15,18,893.4128,797.1432,0.5556
2020,143,PHI,104,15,21,850.1432,829.2326,0.5122
2020,144,ATL,104,15,22,862.2054,817.3499,0.5261
2020,145,CWS,103,15,16,816.5689,868.4936,0.4699
2020,146,MIA,104,15,15,777.2946,884.8995,0.4371
2020,147,NYY,103,17,18,905.0371,761.3385,0.5836
2020,158,MIL,104,20,18,832.7963,806.6909,0.5155
2021,108,LAA,103,19,20,768.2700,801.8648,0.4795
2021,109,AZ,104,16,20,725.1523,789.4069,0.4598
2021,110,BAL,103,16,16,731.2154,808.3542,0.4523
2021,111,BOS,103,14,16,825.7408,757.0420,0.5417
2021,112,CHC,104,14,21,743.9071,786.2959,0.4736
2021,113,CIN,104,18,18,735.7382,760.2509,0.4845
2021,114,CLE,103,18,14,758.7735,708.9490,0.5319
2021,115,COL,104,13,20,723.2533,816.0134,0.4427
2021,116,DET,103,16,18,727.5912,824.4755,0.4405
2021,117,HOU,103,15,21,817.9867,738.5307,0.5487
2021,118,KC,103,16,17,760.2568,787.1596,0.4834
2021,119,LAD,104,15,20,835.1303,703.8138,0.5809
2021,120,WSH,104,17,19,746.2676,746.4824,0.4999
2021,121,NYM,104,14,23,789.5449,735.5508,0.5337
2021,133,OAK,103,15,19,792.9962,759.7475,0.5205
2021,134,PIT,104,14,24,687.3696,823.4792,0.4151
2021,135,SD,104,14,23,791.1560,708.5396,0.5520
2021,136,SEA,103,15,22,741.9875,786.7461,0.4721
2021,137,SF,104,18,19,727.7595,785.2325,0.4640
2021,138,STL,104,16,22,741.6723,764.7894,0.4855
2021,139,TB,103,14,24,775.6381,751.7378,0.5149
2021,140,TEX,103,17,19,767.5531,789.0848,0.4868
2021,141,TOR,103,14,22,820.3202,784.0226,0.5218
2021,142,MIN,103,15,17,833.7216,732.8394,0.5615
2021,143,PHI,104,16,20,763.5438,755.5559,0.5050
2021,144,ATL,104,14,23,771.5560,755.1785,0.5102
2021,145,CWS,103,17,19,781.9152,759.9789,0.5136
2021,146,MIA,104,17,18,692.0585,767.3834,0.4516
2021,147,NYY,103,18,19,833.4476,718.5699,0.5704
2021,158,MIL,104,20,17,721.6463,726.0944,0.4971
2022,108,LAA,103,17,25,760.6318,768.0888,0.4954
2022,109,AZ,104,16,21,759.3862,824.3864,0.4606
2022,110,BAL,103,16,16,754.4667,876.6236,0.4277
2022,111,BOS,103,15,20,806.1447,760.9229,0.5277
2022,112,CHC,104,16,21,754.5252,800.8885,0.4715
2022,113,CIN,104,18,17,766.0147,780.7404,0.4909
2022,114,CLE,103,13,14,721.5483,778.2482,0.4642
2022,115,COL,104,15,21,762.9056,819.1251,0.4659
2022,116,DET,103,17,20,736.0692,794.8814,0.4635
2022,117,HOU,103,14,19,824.5049,744.2280,0.5490
2022,118,KC,103,13,20,739.3553,792.8937,0.4667
2022,119,LAD,104,13,24,866.9194,732.0210,0.5809
2022,120,WSH,104,15,23,790.9555,839.0947,0.4714
2022,121,NYM,104,16,22,797.4981,738.5016,0.5366
2022,133,OAK,103,15,15,665.6137,792.6538,0.4187
2022,134,PIT,104,18,20,714.0146,836.2174,0.4250
2022,135,SD,104,13,20,797.0549,742.9000,0.5335
2022,136,SEA,103,17,19,754.1547,773.3841,0.4880
2022,137,SF,104,18,19,781.7184,721.2578,0.5381
2022,138,STL,104,14,21,768.0570,792.0689,0.4853
2022,139,TB,103,16,24,766.5121,733.9251,0.5206
2022,140,TEX,103,16,23,762.1024,810.4908,0.4705
2022,141,TOR,103,14,20,848.4114,756.9218,0.5549
2022,142,MIN,103,13,19,803.4908,781.7109,0.5132
2022,143,PHI,104,15,21,813.4820,735.6348,0.5479
2022,144,ATL,104,15,23,802.9110,733.5475,0.5430
2022,145,CWS,103,17,18,815.1300,755.8146,0.5362
2022,146,MIA,104,16,23,766.1146,762.7537,0.5021
2022,147,NYY,103,16,20,783.4043,742.5595,0.5255
2022,158,MIL,104,18,20,763.3023,723.9149,0.5250
2023,108,LAA,103,20,20,730.7633,721.3044,0.5061
2023,109,AZ,104,17,14,702.0069,749.3783,0.4694
2023,110,BAL,103,14,22,720.4252,774.7887,0.4656
2023,111,BOS,103,16,17,731.6054,708.6333,0.5149
2023,112,CHC,104,15,19,701.0323,761.6770,0.4611
2023,113,CIN,104,16,19,696.2708,780.1041,0.4466
2023,114,CLE,103,17,16,750.5900,711.3303,0.5252
2023,115,COL,104,18,21,720.0811,771.1784,0.4676
2023,116,DET,103,17,18,665.6284,752.2164,0.4433
2023,117,HOU,103,16,18,790.6504,691.6917,0.5628
2023,118,KC,103,16,22,714.6960,787.6023,0.4541
2023,119,LAD,104,15,23,777.2830,681.7136,0.5613
2023,120,WSH,104,17,19,676.7937,834.6708,0.4018
2023,121,NYM,104,17,21,747.8083,692.1796,0.5361
2023,133,OAK,103,18,15,662.8310,798.9338,0.4131
2023,134,PIT,104,18,18,700.3213,762.4816,0.4601
2023,135,SD,104,17,21,748.7392,713.6505,0.5225
2023,136,SEA,103,16,18,731.4744,715.7995,0.5102
2023,137,SF,104,17,17,725.0334,688.8637,0.5238
2023,138,STL,104,15,19,769.1107,728.7096,0.5255
2023,139,TB,103,16,19,703.2977,686.3789,0.5113
2023,140,TEX,103,14,21,722.7965,745.4239,0.4855
2023,141,TOR,103,13,20,796.2250,693.9766,0.5646
2023,142,MIN,103,18,19,718.0503,703.1367,0.5098
2023,143,PHI,104,19,19,760.3527,671.6298,0.5577
2023,144,ATL,104,17,21,766.0996,661.9141,0.5678
2023,145,CWS,103,14,22,735.7104,719.4071,0.5105
2023,146,MIA,104,17,17,701.0128,706.0215,0.4967
2023,147,NYY,103,15,20,700.3209,667.0155,0.5225
2023,158,MIL,104,15,21,732.4593,717.6588,0.5096
2024,108,LAA,103,15,24,792.9576,791.2429,0.5010
2024,109,AZ,104,16,21,776.4088,780.0572,0.4978
2024,110,BAL,103,18,22,764.9679,768.6170,0.4977
2024,111,BOS,103,18,18,792.5574,773.1422,0.5119
2024,112,CHC,104,16,17,774.3135,791.2724,0.4896
2024,113,CIN,104,15,22,818.3105,801.4857,0.5101
2024,114,CLE,103,15,16,747.5010,750.4221,0.4982
2024,115,COL,104,14,19,752.3003,845.1370,0.4441
2024,116,DET,103,15,19,740.4587,774.7466,0.4785
2024,117,HOU,103,17,20,819.4611,776.6036,0.5259
2024,118,KC,103,17,22,750.3589,802.2363,0.4681
2024,119,LAD,104,14,23,852.8432,741.4682,0.5670
2024,120,WSH,104,15,17,731.0889,873.3825,0.4150
2024,121,NYM,104,15,24,763.4912,795.2159,0.4805
2024,133,OAK,103,15,21,713.1414,823.0350,0.4321
2024,134,PIT,104,21,20,749.5762,815.2304,0.4598
2024,135,SD,104,14,18,775.3164,768.4980,0.5042
2024,136,SEA,103,17,21,792.2875,738.6870,0.5333
2024,137,SF,104,22,16,751.1808,717.4487,0.5216
2024,138,STL,104,19,17,811.0850,775.6921,0.5215
2024,139,TB,103,18,20,805.2801,731.3349,0.5458
2024,140,TEX,103,15,18,792.8982,769.9826,0.5140
2024,141,TOR,103,14,18,816.3633,748.8125,0.5413
2024,142,MIN,103,15,21,788.1229,763.1165,0.5154
2024,143,PHI,104,19,20,788.7624,751.3577,0.5232
2024,144,ATL,104,14,24,880.4948,735.2297,0.5863
2024,145,CWS,103,15,18,710.2157,876.4106,0.4002
2024,146,MIA,104,16,19,743.9360,766.0289,0.4861
2024,147,NYY,103,17,22,806.5248,746.4811,0.5369
2024,158,MIL,104,16,20,749.4497,759.2785,0.4938
2025,108,LAA,103,18,21,728.5988,771.3457,0.4730
2025,109,AZ,104,18,20,763.9943,718.9223,0.5287
2025,110,BAL,103,16,20,750.5666,737.6278,0.5082
2025,111,BOS,103,16,22,777.4069,740.0344,0.5234
2025,112,CHC,104,13,23,754.8597,739.4705,0.5097
2025,113,CIN,104,17,20,737.2092,759.8116,0.4857
2025,114,CLE,103,16,20,712.2407,724.2847,0.4922
2025,115,COL,104,16,20,700.0220,808.8282,0.4319
2025,116,DET,103,17,23,705.4782,707.8676,0.4984
2025,117,HOU,103,18,18,766.8593,735.1062,0.5200
2025,118,KC,103,17,18,721.4466,724.0412,0.4983
2025,119,LAD,104,15,27,804.4569,708.1729,0.5602
2025,120,WSH,104,19,18,716.0775,769.8058,0.4659
2025,121,NYM,104,19,22,769.7719,743.5671,0.5164
2025,133,ATH,103,17,19,709.0612,763.8541,0.4650
2025,134,PIT,104,21,19,695.6031,723.4123,0.4817
2025,135,SD,104,14,20,758.7505,712.8050,0.5294
2025,136,SEA,103,17,21,730.6367,694.7982,0.5235
2025,137,SF,104,20,18,719.0677,720.2217,0.4992
2025,138,STL,104,16,19,745.5032,740.0352,0.5035
2025,139,TB,103,16,19,707.8078,724.0746,0.4894
2025,140,TEX,103,16,22,749.6488,740.4804,0.5058
2025,141,TOR,103,18,22,742.6076,754.5813,0.4924
2025,142,MIN,103,17,17,739.9718,708.5801,0.5203
2025,143,PHI,104,17,19,762.5146,717.8050,0.5285
2025,144,ATL,104,15,18,779.0981,670.8231,0.5697
2025,145,CWS,103,16,22,647.4287,809.7083,0.3965
2025,146,MIA,104,14,21,695.7323,775.1105,0.4493
2025,147,NYY,103,15,21,766.0592,719.1691,0.5298
2025,158,MIL,104,16,20,742.9441,737.0790,0.5037
2026,108,LAA,103,19,22,708.6465,800.9707,0.4422
2026,109,AZ,104,16,26,751.1262,747.7147,0.5022
2026,110,BAL,103,15,21,774.5398,749.0218,0.5159
2026,111,BOS,103,21,16,745.9372,683.7128,0.5406
2026,112,CHC,104,16,22,761.0377,749.7267,0.5071
2026,113,CIN,104,17,20,731.9009,738.8183,0.4956
2026,114,CLE,103,14,17,703.4653,737.3216,0.4780
2026,115,COL,104,18,20,707.4136,848.4975,0.4138
2026,116,DET,103,15,22,737.7654,710.8777,0.5174
2026,117,HOU,103,16,22,748.7441,771.1341,0.4860
2026,118,KC,103,16,22,731.8668,727.0202,0.5031
2026,119,LAD,104,17,25,813.2383,693.0252,0.5753
2026,120,WSH,104,16,22,724.2650,810.9123,0.4463
2026,121,NYM,104,15,24,768.0280,721.9754,0.5292
2026,133,ATH,103,16,20,786.0522,798.3456,0.4925
2026,134,PIT,104,18,17,744.7132,677.2309,0.5442
2026,135,SD,104,15,22,747.8761,792.1244,0.4726
2026,136,SEA,103,17,21,774.4235,725.6976,0.5307
2026,137,SF,104,16,25,743.8947,725.9583,0.5115
2026,138,STL,104,15,17,708.4359,756.0850,0.4694
2026,139,TB,103,18,21,725.0046,734.1882,0.4941
2026,140,TEX,103,18,18,741.1401,728.2494,0.5083
2026,141,TOR,103,14,19,750.1621,743.0206,0.5045
2026,142,MIN,103,16,17,735.9805,746.6321,0.4932
2026,143,PHI,104,12,19,789.0066,711.5534,0.5488
2026,144,ATL,104,16,25,747.2059,725.2113,0.5141
2026,145,CWS,103,15,19,705.4257,787.9434,0.4479
2026,146,MIA,104,16,20,742.7769,777.4650,0.4783
2026,147,NYY,103,17,18,782.1862,737.2791,0.5281
2026,158,MIL,104,17,21,739.1363,713.6818,0.5164
